http://0.r.msn.com/?ld=7vJG7uUVr4nrz2-AZRMkxNXTVUCUxXRHIafdRitOiLvPLfONBvzOOkA4b1Ru_GQ9CtbvGHOlBinkdaWHWemp-jdIj0QQ_jDink7eJUWSlyu6oHoh2-usRi5DSnfEzhQiqwFEkAjw&u=www.verragio.com	[]
http://0.r.msn.com/?ld=7vX3GIc9KTD2Qj6B5AFaguezVUCUylYw1hnFWX_dmxcq2qYUFlqR0X_LquJ_nh6q0s19MEYHZAjDcrdadsWbgz9k8hTCb58Jrqmkx3Bh8hKDLH2aVoqKws2xWkOUIw1dbeuZ9Bfg&u=martindoor.com%2F	[]
http://0.r.msn.com/?ld=7vb6nalIEvqgRp12pDMLUvMDVUCUy-ZskB47b1xzoYKxgRi9J_dJbPSDgiPL67EVB-OFOSFNcDYJNP66LyYhZx6f0loAZhhR-qaXWGUkdUOACjNTRLrByUt6dAYDcWzAsriBosaQ&u=www.verragio.com	[]
http://091labs.com/tag/legality/	[{u'path': u'STYLE/#text', u'href': u'http://hackerspace.darrenk.net/fonts/BebasNeue.otf'}, {u'url': u'http://darrenkearney.net/wordpress/wp-content/uploads/2014/09/091-Labs_logo.png', u'path': u'IMG@/src'}, {u'url': u'http://091labs.com/', u'text': u'091 Labs', u'path': u'A@/href', u'title': u'091 Labs'}, {u'url': u'#', u'path': u'A@/href', u'title': u'Toggle menu'}, {u'url': u'http://091labs.com/events/', u'text': u'Events', u'path': u'A@/href'}, {u'url': u'http://091labs.com/contact/', u'text': u'Contact us', u'path': u'A@/href'}, {u'url': u'http://091labs.com/payments/', u'text': u'Payments', u'path': u'A@/href'}, {u'url': u'http://091labs.com/membership/', u'text': u'Join Us', u'path': u'A@/href'}, {u'url': u'http://091labs.com/about/constitution/', u'text': u'Constitution', u'path': u'A@/href'}, {u'url': u'http://091labs.com/about/', u'text': u'About', u'path': u'A@/href'}, {u'url': u'#', u'text': u'&rsaquo;', u'path': u'A@/href'}, {u'url': u'http://091labs.com/committee/', u'text': u'Committee', u'path': u'A@/href'}, {u'url': u'http://091labs.com/events/', u'text': u'Events', u'path': u'A@/href'}, {u'url': u'http://091labs.com/contact/', u'text': u'Contact us', u'path': u'A@/href'}, {u'url': u'http://091labs.com/payments/', u'text': u'Payments', u'path': u'A@/href'}, {u'url': u'http://091labs.com/membership/', u'text': u'Join Us', u'path': u'A@/href'}, {u'url': u'http://091labs.com/about/constitution/', u'text': u'Constitution', u'path': u'A@/href'}, {u'url': u'http://091labs.com/about/', u'text': u'About', u'path': u'A@/href'}, {u'url': u'http://091labs.com/committee/', u'text': u'Committee', u'path': u'A@/href'}, {u'url': u'http://091labs.com/2010/11/devils-advocate-the-microsoft-kinect-hacks/', u'text': u'Devil&#8217;s Advocate: The Microsoft Kinect Hacks', u'path': u'A@/href', u'title': u'Devil&#8217;s Advocate: The Microsoft Kinect Hacks'}, {u'url': u'#', u'text': u'Nov 21, 2010', u'path': u'A@/href', u'title': u'19:44 pm'}, {u'url': u'http://091labs.com/author/mark/', u'text': u'Mark', u'path': u'A@/href', u'title': u'View all posts by Mark'}, {u'url': u'http://091labs.com/wp-content/uploads/2010/11/kinect-20100613095507381.jpg', u'path': u'IMG@/src', u'alt': u'kinect-20100613095507381'}, {u'url': u'http://091labs.com/2010/11/devils-advocate-the-microsoft-kinect-hacks/', u'text': u'Read more', u'path': u'A@/href'}, {u'url': u'http://091labs.com/', u'path': u'FORM@/action', u'method': u'get'}, {u'url': u'/wp-content/themes/elegant-grunge/images/social/facebook.png', u'path': u'IMG@/src', u'title': u'Facebook group'}, {u'url': u'http://www.facebook.com/091labs', u'path': u'A@/href', u'target': u'_blank'}, {u'url': u'/wp-content/themes/elegant-grunge/images/social/twitter.png', u'path': u'IMG@/src', u'title': u'Twitter page'}, {u'url': u'http://www.twitter.com/091labs', u'path': u'A@/href', u'target': u'_blank'}, {u'url': u'/wp-content/themes/elegant-grunge/images/social/boardsie.png', u'path': u'IMG@/src', u'title': u'boards.ie forum'}, {u'url': u'http://www.boards.ie/091labs', u'path': u'A@/href', u'target': u'_blank'}, {u'url': u'/wp-content/themes/elegant-grunge/images/social/rss.png', u'path': u'IMG@/src', u'title': u'RSS feed'}, {u'url': u'http://091labs.com/feed/', u'path': u'A@/href', u'target': u'_blank'}, {u'url': u'http://091labs.com/wp-login.php', u'path': u'FORM@/action', u'method': u'post'}, {u'url': u'http://www.farsetlabs.org.uk/', u'text': u'Farset Labs (Belfast)', u'target': u'_blank', u'path': u'A@/href'}, {u'url': u'http://www.hackni.org/', u'text': u'Hack NI', u'path': u'A@/href'}, {u'url': u'http://Hackerspaces.org', u'text': u'Hackerspaces.org', u'path': u'A@/href'}, {u'url': u'http://www.lightboxlab.ie/', u'text': u'Lightbox Labs (Drogheda)', u'path': u'A@/href'}, {u'url': u'http://www.milklabs.ie', u'text': u'MiLKlabs (Limerick)', u'path': u'A@/href'}, {u'url': u'http://groups.google.com/group/hackerspace-cork', u'text': u'Nexus (Cork)', u'path': u'A@/href'}, {u'url': u'http://www.youtube.com/user/NUIMMakersClub', u'text': u'NUIM Makers Club (Maynooth)', u'target': u'_blank', u'path': u'A@/href'}, {u'url': u'http://theknittingclub.net/', u'text': u'The Knitting Club (Clare)', u'path': u'A@/href'}, {u'url': u'http://tog.ie/', u'text': u'TOG (Dublin)', u'path': u'A@/href'}, {u'url': u'http://091labs.com/wp-content/gallery/external-logos/right_price_ink_logo.png', u'path': u'IMG@/src'}, {u'url': u'http://rightpriceink.ie', u'path': u'A@/href', u'target': u'_blank', u'title': u'Visit Right Price Ink'}, {u'url': u'http://091labs.com/tag/091/', u'text': u'091', u'path': u'A@/href', u'title': u'3 topics'}, {u'url': u'http://091labs.com/tag/091-labs/', u'text': u'091 Labs', u'path': u'A@/href', u'title': u'28 topics'}, {u'url': u'http://091labs.com/tag/091labs/', u'text': u'091labs', u'path': u'A@/href', u'title': u'4 topics'}, {u'url': u'http://091labs.com/tag/android/', u'text': u'Android', u'path': u'A@/href', u'title': u'7 topics'}, {u'url': u'http://091labs.com/tag/arduino/', u'text': u'Arduino', u'path': u'A@/href', u'title': u'8 topics'}, {u'url': u'http://091labs.com/tag/class/', u'text': u'class', u'path': u'A@/href', u'title': u'7 topics'}, {u'url': u'http://091labs.com/tag/club/', u'text': u'club', u'path': u'A@/href', u'title': u'3 topics'}, {u'url': u'http://091labs.com/tag/computer/', u'text': u'computer', u'path': u'A@/href', u'title': u'4 topics'}, {u'url': u'http://091labs.com/tag/electronics/', u'text': u'electronics', u'path': u'A@/href', u'title': u'3 topics'}, {u'url': u'http://091labs.com/tag/event/', u'text': u'event', u'path': u'A@/href', u'title': u'4 topics'}, {u'url': u'http://091labs.com/tag/events-2/', u'text': u'events', u'path': u'A@/href', u'title': u'10 topics'}, {u'url': u'http://091labs.com/tag/galway/', u'text': u'galway', u'path': u'A@/href', u'title': u'16 topics'}, {u'url': u'http://091labs.com/tag/game-development/', u'text': u'Game Development', u'path': u'A@/href', u'title': u'3 topics'}, {u'url': u'http://091labs.com/tag/gaming/', u'text': u'gaming', u'path': u'A@/href', u'title': u'5 topics'}, {u'url': u'http://091labs.com/tag/hackathon/', u'text': u'Hackathon', u'path': u'A@/href', u'title': u'3 topics'}, {u'url': u'http://091labs.com/tag/hackerspace/', u'text': u'Hackerspace', u'path': u'A@/href', u'title': u'15 topics'}, {u'url': u'http://091labs.com/tag/hackerspace-week/', u'text': u'hackerspace week', u'path': u'A@/href', u'title': u'4 topics'}, {u'url': u'http://091labs.com/tag/ignite/', u'text': u'ignite', u'path': u'A@/href', u'title': u'5 topics'}, {u'url': u'http://091labs.com/tag/ignite-galway/', u'text': u'ignite galway', u'path': u'A@/href', u'title': u'6 topics'}, {u'url': u'http://091labs.com/tag/introduction/', u'text': u'introduction', u'path': u'A@/href', u'title': u'3 topics'}, {u'url': u'http://091labs.com/tag/labs/', u'text': u'labs', u'path': u'A@/href', u'title': u'4 topics'}, {u'url': u'http://091labs.com/tag/lan/', u'text': u'lan', u'path': u'A@/href', u'title': u'5 topics'}, {u'url': u'http://091labs.com/tag/learning/', u'text': u'learning', u'path': u'A@/href', u'title': u'3 topics'}, {u'url': u'http://091labs.com/tag/linux-2/', u'text': u'linux', u'path': u'A@/href', u'title': u'9 topics'}, {u'url': u'http://091labs.com/tag/meeting-2/', u'text': u'meeting', u'path': u'A@/href', u'title': u'3 topics'}, {u'url': u'http://091labs.com/tag/meetup/', u'text': u'Meetup', u'path': u'A@/href', u'title': u'5 topics'}, {u'url': u'http://091labs.com/tag/movie/', u'text': u'movie', u'path': u'A@/href', u'title': u'3 topics'}, {u'url': u'http://091labs.com/tag/moving-2/', u'text': u'moving', u'path': u'A@/href', u'title': u'3 topics'}, {u'url': u'http://091labs.com/tag/photography/', u'text': u'photography', u'path': u'A@/href', u'title': u'6 topics'}, {u'url': u'http://091labs.com/tag/photoshop/', u'text': u'photoshop', u'path': u'A@/href', u'title': u'6 topics'}, {u'url': u'http://091labs.com/tag/photowalk/', u'text': u'photowalk', u'path': u'A@/href', u'title': u'5 topics'}, {u'url': u'http://091labs.com/tag/poster/', u'text': u'poster', u'path': u'A@/href', u'title': u'4 topics'}, {u'url': u'http://091labs.com/tag/processing/', u'text': u'processing', u'path': u'A@/href', u'title': u'3 topics'}, {u'url': u'http://091labs.com/tag/programming/', u'text': u'programming', u'path': u'A@/href', u'title': u'6 topics'}, {u'url': u'http://091labs.com/tag/python/', u'text': u'Python', u'path': u'A@/href', u'title': u'4 topics'}, {u'url': u'http://091labs.com/tag/semantic-web/', u'text': u'Semantic Web', u'path': u'A@/href', u'title': u'3 topics'}, {u'url': u'http://091labs.com/tag/talk/', u'text': u'talk', u'path': u'A@/href', u'title': u'5 topics'}, {u'url': u'http://091labs.com/tag/tedxgalway/', u'text': u'TEDxGalway', u'path': u'A@/href', u'title': u'3 topics'}, {u'url': u'http://091labs.com/tag/tog/', u'text': u'TOG', u'path': u'A@/href', u'title': u'5 topics'}, {u'url': u'http://091labs.com/tag/ubuntu/', u'text': u'Ubuntu', u'path': u'A@/href', u'title': u'9 topics'}, {u'url': u'http://091labs.com/tag/unity/', u'text': u'unity', u'path': u'A@/href', u'title': u'4 topics'}, {u'url': u'http://091labs.com/tag/unity3d/', u'text': u'unity3d', u'path': u'A@/href', u'title': u'3 topics'}, {u'url': u'http://091labs.com/tag/update/', u'text': u'update', u'path': u'A@/href', u'title': u'3 topics'}, {u'url': u'http://091labs.com/tag/workshop/', u'text': u'Workshop', u'path': u'A@/href', u'title': u'16 topics'}, {u'url': u'http://091labs.com/tag/workshops/', u'text': u'workshops', u'path': u'A@/href', u'title': u'4 topics'}, {u'url': u'#top', u'path': u'A@/href', u'title': u'Jump to top'}, {u'url': u'#', u'path': u'FORM@/action', u'method': u'post'}, {u'url': u'/wp-content/themes/elegant-grunge/images/social/facebook.png', u'path': u'IMG@/src', u'title': u'Facebook group'}, {u'url': u'http://www.facebook.com/091labs', u'path': u'A@/href', u'target': u'_blank'}, {u'url': u'/wp-content/themes/elegant-grunge/images/social/twitter.png', u'path': u'IMG@/src', u'title': u'Twitter page'}, {u'url': u'http://www.twitter.com/091labs', u'path': u'A@/href', u'target': u'_blank'}, {u'url': u'/wp-content/themes/elegant-grunge/images/social/boardsie.png', u'path': u'IMG@/src', u'title': u'boards.ie forum'}, {u'url': u'http://www.boards.ie/091labs', u'path': u'A@/href', u'target': u'_blank'}, {u'url': u'/wp-content/themes/elegant-grunge/images/social/rss.png', u'path': u'IMG@/src', u'title': u'RSS feed'}, {u'url': u'http://091labs.com/feed/', u'path': u'A@/href', u'target': u'_blank'}, {u'url': u'http://wordpress.org', u'text': u'WordPress', u'path': u'A@/href'}, {u'url': u'http://wpmisc.com', u'text': u'Underline', u'path': u'A@/href'}]
http://1-2-3.chu.jp/	[{u'url': u'32/top.html', u'path': u'FRAME@/src'}, {u'url': u'32/menu.html', u'path': u'FRAME@/src'}, {u'url': u'infomation.html', u'path': u'FRAME@/src'}]
http://1.bp.blogspot.com/-ckQFkinHc2k/UGR1OvYoBZI/AAAAAAAAJQs/Llib5MHzo6w/s1600/Real+GDP+vs+3%25+trend	[]
